INSERT INTO intermediasG11.role(id_role, detail)
	VALUES(1, 'Encargado');
 
INSERT INTO intermediasG11.role(id_role, detail)
	VALUES(2, 'Vendedor');
    
INSERT INTO intermediasG11.role(id_role, detail)
	VALUES(3, 'Bodeguero');


    

    

INSERT INTO intermediasG11.user(id_user,
								dpi,
                                name,
                                birth_date,
                                mail,
                                password)
							VALUES(
								2,
                                2192843795108,
                                'Margareth Lopez',
                                str_to_date('1995-05-29', '%Y-%m-%d'),
                                'malopez.tomas@gmail.com',
                                '123'
                            );
                            
INSERT INTO intermediasG11.user(id_user,
								dpi,
                                name,
                                birth_date,
                                mail,
                                password)
							VALUES(
								1,
                                2197813890101,
                                'Alan Perez',
                                str_to_date('1993-01-29', '%Y-%m-%d'),
                                'aaperez.tomas@gmail.com',
                                '123'
                            );
                            
INSERT INTO intermediasG11.user(id_user,
								dpi,
                                name,
                                birth_date,
                                mail,
                                password)
							VALUES(
								3,
                                2197843775108,
                                'Ervin Villavicencio',
                                str_to_date('1995-03-07', '%Y-%m-%d'),
                                'ervin.villa@gmail.com',
                                '123'
                            );

INSERT INTO intermediasG11.user(id_user,
								dpi,
                                name,
                                birth_date,
                                mail,
                                password)
							VALUES(
								4,
                                2857443775108,
                                'Mario Noriega',
                                str_to_date('1998-02-25', '%Y-%m-%d'),
                                'mario.noriega@gmail.com',
                                '321'
                            );
                            
INSERT INTO intermediasG11.user_role(id_user_role, id_user, id_role)
	VALUES(1,1,1);
    
INSERT INTO intermediasG11.user_role(id_user_role, id_user, id_role)
	VALUES(2,2,2);

INSERT INTO intermediasG11.user_role(id_user_role, id_user, id_role)
	VALUES(3,3,3);
    
INSERT INTO intermediasG11.user_role(id_user_role, id_user, id_role)
	VALUES(4,4,4);
    
    
    
    select * from intermediasG11.user;

    
